name,email,role,phone,tags
Jenna_1,Jenna_1@gmail.com,end-user,001-241-710-7594x97745,burgh
Kristina_2,Kristina_2@gmail.com,end-user,901.973.0661,ton
Sarah_3,Sarah_3@gmail.com,end-user,+1-289-491-0220x715,port
John_4,John_4@gmail.com,end-user,+1-267-495-2119x8118,town
Emily_5,Emily_5@gmail.com,end-user,(974)350-1564x5517,view
Kristen_6,Kristen_6@gmail.com,end-user,5765691483,mouth
Anna_7,Anna_7@gmail.com,end-user,473-332-8071x9558,town
Christine_8,Christine_8@gmail.com,end-user,397.234.1721,mouth
Alyssa_9,Alyssa_9@gmail.com,end-user,(339)613-5028x35511,mouth
David_10,David_10@gmail.com,end-user,+1-815-764-7326x00377,mouth
Ashley_11,Ashley_11@gmail.com,end-user,3338460356,chester
Samantha_12,Samantha_12@gmail.com,end-user,-3171,burgh
Aaron_13,Aaron_13@gmail.com,end-user,+1-474-217-6132x9339,land
Jerry_14,Jerry_14@gmail.com,end-user,922.338.7130x3449,berg
Michelle_15,Michelle_15@gmail.com,end-user,627.212.2546x33149,shire
Michael_16,Michael_16@gmail.com,end-user,928-660-6500x5858,shire
Alicia_17,Alicia_17@gmail.com,end-user,(396)366-6125x0522,borough
Ann_18,Ann_18@gmail.com,end-user,+1-751-856-5927x6992,burgh
Monique_19,Monique_19@gmail.com,end-user,001-397-879-7222,town
Angela_20,Angela_20@gmail.com,end-user,411-435-5992x51127,side
Katherine_21,Katherine_21@gmail.com,end-user,(566)683-3513x66641,land
Michele_22,Michele_22@gmail.com,end-user,(453)747-3295x59302,port
Cheryl_23,Cheryl_23@gmail.com,end-user,(468)430-0434,shire
Justin_24,Justin_24@gmail.com,end-user,(874)412-0923,mouth
Tiffany_25,Tiffany_25@gmail.com,end-user,411.464.4297x73504,bury
Scott_26,Scott_26@gmail.com,end-user,590.902.6499x674,ton
Ashley_27,Ashley_27@gmail.com,end-user,+1-684-643-1152x29609,chester
Shannon_28,Shannon_28@gmail.com,end-user,990.459.2238,haven
John_29,John_29@gmail.com,end-user,+1-222-429-5579x44682,mouth
Harold_30,Harold_30@gmail.com,end-user,468.700.2423x2777,burgh
Karen_31,Karen_31@gmail.com,end-user,442.629.4783x614,fort
Casey_32,Casey_32@gmail.com,end-user,567-828-8928,shire
David_33,David_33@gmail.com,end-user,001-769-373-7310x4727,land
Tom_34,Tom_34@gmail.com,end-user,(589)790-4494x832,shire
Emily_35,Emily_35@gmail.com,end-user,458.470.0771,town
Taylor_36,Taylor_36@gmail.com,end-user,+1-355-562-7273x716,burgh
Michele_37,Michele_37@gmail.com,end-user,+1-490-267-2661x5442,furt
Jason_38,Jason_38@gmail.com,end-user,001-894-455-1879x63879,bury
Scott_39,Scott_39@gmail.com,end-user,+1-461-703-6476x24106,fort
Carl_40,Carl_40@gmail.com,end-user,796.602.7420x96315,shire
Christy_41,Christy_41@gmail.com,end-user,9798417227,haven
Jacob_42,Jacob_42@gmail.com,end-user,3487337870,shire
Brenda_43,Brenda_43@gmail.com,end-user,785.355.9472x2400,land
Amber_44,Amber_44@gmail.com,end-user,381.941.1262,land
Kimberly_45,Kimberly_45@gmail.com,end-user,001-597-245-4164x4447,borough
Adam_46,Adam_46@gmail.com,end-user,727.841.8354,borough
Scott_47,Scott_47@gmail.com,end-user,+1-711-744-7064x64329,ton
Lori_48,Lori_48@gmail.com,end-user,(500)586-6455,land
Brandon_49,Brandon_49@gmail.com,end-user,001-416-357-6059x007,ville
Ellen_50,Ellen_50@gmail.com,end-user,552.632.6882,mouth
Pamela_51,Pamela_51@gmail.com,end-user,001-434-802-6935x17452,stad
Janet_52,Janet_52@gmail.com,end-user,8115619168,ton
Mark_53,Mark_53@gmail.com,end-user,449.936.0940x63869,haven
Nicole_54,Nicole_54@gmail.com,end-user,805.601.8181x07682,borough
Terri_55,Terri_55@gmail.com,end-user,+1-264-975-0920x3357,fort
Christopher_56,Christopher_56@gmail.com,end-user,464.859.1760,chester
Nicole_57,Nicole_57@gmail.com,end-user,+1-620-857-4584x331,view
Natasha_58,Natasha_58@gmail.com,end-user,426-442-9651x3440,furt
Patrick_59,Patrick_59@gmail.com,end-user,334.631.1341x021,burgh
Russell_60,Russell_60@gmail.com,end-user,278.897.7611x572,chester
Christopher_61,Christopher_61@gmail.com,end-user,001-978-248-6147x935,side
Rachel_62,Rachel_62@gmail.com,end-user,001-286-207-3303x581,chester
Lindsey_63,Lindsey_63@gmail.com,end-user,(971)903-3684x63347,furt
Clayton_64,Clayton_64@gmail.com,end-user,(820)500-0128x24351,mouth
Michael_65,Michael_65@gmail.com,end-user,(871)238-3080x2983,port
Hailey_66,Hailey_66@gmail.com,end-user,822.406.2127x12759,bury
Edwin_67,Edwin_67@gmail.com,end-user,651-877-8526,furt
Raymond_68,Raymond_68@gmail.com,end-user,(217)384-9725x0535,land
Kendra_69,Kendra_69@gmail.com,end-user,+1-431-825-5536x833,fort
Susan_70,Susan_70@gmail.com,end-user,9322491870,town
Kevin_71,Kevin_71@gmail.com,end-user,694-292-3104,bury
Dawn_72,Dawn_72@gmail.com,end-user,955.499.1900x99255,chester
Tanya_73,Tanya_73@gmail.com,end-user,299-313-1494x659,mouth
Megan_74,Megan_74@gmail.com,end-user,386-482-4952,bury
Gabrielle_75,Gabrielle_75@gmail.com,end-user,2914357467,haven
William_76,William_76@gmail.com,end-user,(602)846-5875x032,berg
David_77,David_77@gmail.com,end-user,9327105745,stad
Rachael_78,Rachael_78@gmail.com,end-user,968.789.8755,fort
George_79,George_79@gmail.com,end-user,509.800.7858,berg
John_80,John_80@gmail.com,end-user,+1-852-282-5143x47941,chester
Jamie_81,Jamie_81@gmail.com,end-user,946-580-6170x62359,fort
Courtney_82,Courtney_82@gmail.com,end-user,(584)877-1571x63682,berg
Bradley_83,Bradley_83@gmail.com,end-user,479.291.8368x656,shire
Daniel_84,Daniel_84@gmail.com,end-user,001-778-234-8653x22393,bury
David_85,David_85@gmail.com,end-user,7206787173,shire
Robert_86,Robert_86@gmail.com,end-user,(740)602-3359,bury
Russell_87,Russell_87@gmail.com,end-user,(793)760-4932,side
Ricardo_88,Ricardo_88@gmail.com,end-user,677-397-4430,port
Cindy_89,Cindy_89@gmail.com,end-user,+1-420-820-7663x820,burgh
Andrea_90,Andrea_90@gmail.com,end-user,001-378-919-1481x72209,bury
David_91,David_91@gmail.com,end-user,001-354-504-9825x538,chester
Lori_92,Lori_92@gmail.com,end-user,001-313-730-7559x03455,borough
Elizabeth_93,Elizabeth_93@gmail.com,end-user,-3450,mouth
Jessica_94,Jessica_94@gmail.com,end-user,554.430.7725,berg
Michael_95,Michael_95@gmail.com,end-user,-6067,haven
George_96,George_96@gmail.com,end-user,420.248.1393x74582,mouth
Grace_97,Grace_97@gmail.com,end-user,708-292-5223,view
Donald_98,Donald_98@gmail.com,end-user,(996)452-8522,shire
Joan_99,Joan_99@gmail.com,end-user,901-254-9953,chester
Patricia_100,Patricia_100@gmail.com,end-user,(486)277-9193,view
Lisa_101,Lisa_101@gmail.com,end-user,+1-977-648-4857x509,haven
Jimmy_102,Jimmy_102@gmail.com,end-user,694.972.5578x00381,mouth
Kyle_103,Kyle_103@gmail.com,end-user,915-923-4418x22046,borough
David_104,David_104@gmail.com,end-user,+1-861-516-2175x319,burgh
Zachary_105,Zachary_105@gmail.com,end-user,001-404-243-4556,bury
Sara_106,Sara_106@gmail.com,end-user,579.224.4308x2106,borough
Joshua_107,Joshua_107@gmail.com,end-user,970-878-8569x382,fort
Lawrence_108,Lawrence_108@gmail.com,end-user,(360)268-2045x73357,ville
Jon_109,Jon_109@gmail.com,end-user,813-800-4544x9971,view
Madison_110,Madison_110@gmail.com,end-user,(644)485-8140,shire
Timothy_111,Timothy_111@gmail.com,end-user,(473)700-1512x8104,shire
Lori_112,Lori_112@gmail.com,end-user,001-550-486-0435x181,berg
William_113,William_113@gmail.com,end-user,389.856.8282,mouth
Austin_114,Austin_114@gmail.com,end-user,(669)979-6657x629,mouth
Kristin_115,Kristin_115@gmail.com,end-user,323-490-9323,mouth
Ian_116,Ian_116@gmail.com,end-user,001-755-630-5970x928,view
Brittany_117,Brittany_117@gmail.com,end-user,213.718.3088,ville
Kaylee_118,Kaylee_118@gmail.com,end-user,001-880-425-3723x287,haven
Lisa_119,Lisa_119@gmail.com,end-user,001-354-638-8645x46132,furt
April_120,April_120@gmail.com,end-user,+1-207-834-5437x814,berg
Rebecca_121,Rebecca_121@gmail.com,end-user,(246)534-8460x1574,land
Melvin_122,Melvin_122@gmail.com,end-user,+1-722-945-5758x666,ton
Jermaine_123,Jermaine_123@gmail.com,end-user,724.816.8777x5517,port
Jacob_124,Jacob_124@gmail.com,end-user,682-269-3866,town
Nathan_125,Nathan_125@gmail.com,end-user,001-937-548-8225x789,bury
Hannah_126,Hannah_126@gmail.com,end-user,(995)582-8188x16940,view
Juan_127,Juan_127@gmail.com,end-user,(504)856-4269,side
Brittany_128,Brittany_128@gmail.com,end-user,(987)276-7917,fort
Isaiah_129,Isaiah_129@gmail.com,end-user,+1-444-430-3825x96636,bury
Tyler_130,Tyler_130@gmail.com,end-user,(970)823-2714x5507,port
Benjamin_131,Benjamin_131@gmail.com,end-user,400-550-7313x8772,side
Ryan_132,Ryan_132@gmail.com,end-user,+1-496-915-1341x0492,port
Jerry_133,Jerry_133@gmail.com,end-user,639.241.7557x21246,ville
Glenn_134,Glenn_134@gmail.com,end-user,335.324.4049x528,borough
Rachel_135,Rachel_135@gmail.com,end-user,359-560-3956x5794,port
Ashley_136,Ashley_136@gmail.com,end-user,-10489,stad
Rhonda_137,Rhonda_137@gmail.com,end-user,+1-747-304-5891x037,haven
Justin_138,Justin_138@gmail.com,end-user,(701)521-0050,burgh
Marcus_139,Marcus_139@gmail.com,end-user,294.622.7328,side
Carl_140,Carl_140@gmail.com,end-user,+1-960-832-4329x893,shire
Elizabeth_141,Elizabeth_141@gmail.com,end-user,440-361-0529,burgh
Jessica_142,Jessica_142@gmail.com,end-user,+1-234-742-4472x597,town
Michael_143,Michael_143@gmail.com,end-user,501.996.5281,mouth
Heather_144,Heather_144@gmail.com,end-user,001-413-285-3124x68455,furt
Gregory_145,Gregory_145@gmail.com,end-user,-9825,ville
Kyle_146,Kyle_146@gmail.com,end-user,-6479,haven
Courtney_147,Courtney_147@gmail.com,end-user,9057732252,town
John_148,John_148@gmail.com,end-user,8694686675,bury
Matthew_149,Matthew_149@gmail.com,end-user,(691)799-4512x296,view
Tony_150,Tony_150@gmail.com,end-user,474.985.8681x7072,side
Lauren_151,Lauren_151@gmail.com,end-user,001-524-504-9391x050,berg
Felicia_152,Felicia_152@gmail.com,end-user,396.994.5472x9298,shire
John_153,John_153@gmail.com,end-user,(530)415-9913x22325,ville
Douglas_154,Douglas_154@gmail.com,end-user,977.811.0521x3250,furt
Eric_155,Eric_155@gmail.com,end-user,(644)794-0197x46001,shire
Timothy_156,Timothy_156@gmail.com,end-user,572.263.7057x879,ville
Alicia_157,Alicia_157@gmail.com,end-user,714-862-9652x8200,side
Jody_158,Jody_158@gmail.com,end-user,607-897-4367x604,berg
Kathleen_159,Kathleen_159@gmail.com,end-user,(342)589-1327x779,view
Keith_160,Keith_160@gmail.com,end-user,8014900943,port
Shane_161,Shane_161@gmail.com,end-user,557.979.8527,chester
Jennifer_162,Jennifer_162@gmail.com,end-user,417.615.5016x2740,berg
James_163,James_163@gmail.com,end-user,-9686,ville
Anita_164,Anita_164@gmail.com,end-user,5865531648,chester
Erin_165,Erin_165@gmail.com,end-user,(627)600-6571x934,burgh
Jasmine_166,Jasmine_166@gmail.com,end-user,001-534-972-7697x4129,shire
Peter_167,Peter_167@gmail.com,end-user,701.949.9428x425,side
William_168,William_168@gmail.com,end-user,(980)750-5601x359,ton
Shawn_169,Shawn_169@gmail.com,end-user,2916316775,bury
Trevor_170,Trevor_170@gmail.com,end-user,792-722-8223x2800,burgh
Jill_171,Jill_171@gmail.com,end-user,979.737.8670,view
Sean_172,Sean_172@gmail.com,end-user,966-561-5990x60663,view
Victor_173,Victor_173@gmail.com,end-user,(621)238-2342x22792,haven
Courtney_174,Courtney_174@gmail.com,end-user,001-558-892-9802,fort
Brandy_175,Brandy_175@gmail.com,end-user,001-992-747-6720x699,bury
Stephanie_176,Stephanie_176@gmail.com,end-user,400.675.2241,town
Samantha_177,Samantha_177@gmail.com,end-user,928-332-3568,borough
Tim_178,Tim_178@gmail.com,end-user,-4643,mouth
Haley_179,Haley_179@gmail.com,end-user,560.886.5803,burgh
Christine_180,Christine_180@gmail.com,end-user,(446)923-1530,port
Lisa_181,Lisa_181@gmail.com,end-user,847-700-9539x0997,mouth
Kim_182,Kim_182@gmail.com,end-user,001-483-429-1273x210,land
Leslie_183,Leslie_183@gmail.com,end-user,656-647-3595,town
Dustin_184,Dustin_184@gmail.com,end-user,001-224-434-0996x6811,ton
Alex_185,Alex_185@gmail.com,end-user,753-974-9416x33887,furt
Anthony_186,Anthony_186@gmail.com,end-user,+1-627-900-0531x1043,ville
Theodore_187,Theodore_187@gmail.com,end-user,873-623-4562x40224,burgh
Rebecca_188,Rebecca_188@gmail.com,end-user,(226)349-4746,haven
Mark_189,Mark_189@gmail.com,end-user,491.677.4358x64247,land
Kimberly_190,Kimberly_190@gmail.com,end-user,709.233.6345x5794,borough
Brenda_191,Brenda_191@gmail.com,end-user,001-729-706-1561x2774,land
Joseph_192,Joseph_192@gmail.com,end-user,7176436222,port
Ryan_193,Ryan_193@gmail.com,end-user,001-685-934-9102x87917,bury
Pamela_194,Pamela_194@gmail.com,end-user,745.829.6534x108,mouth
Jessica_195,Jessica_195@gmail.com,end-user,(597)257-9880,ton
Kathleen_196,Kathleen_196@gmail.com,end-user,001-756-939-9086x8530,town
Matthew_197,Matthew_197@gmail.com,end-user,001-335-229-0166x35139,mouth
Gary_198,Gary_198@gmail.com,end-user,455.773.0362,bury
Kenneth_199,Kenneth_199@gmail.com,end-user,(884)491-9810,shire
Melanie_200,Melanie_200@gmail.com,end-user,814.360.1311x18730,berg
Willie_201,Willie_201@gmail.com,end-user,445-873-5429x5707,town
Bobby_202,Bobby_202@gmail.com,end-user,001-497-527-1404,fort
Morgan_203,Morgan_203@gmail.com,end-user,720-702-7476x9095,chester
Thomas_204,Thomas_204@gmail.com,end-user,+1-663-712-7927x17412,burgh
Anne_205,Anne_205@gmail.com,end-user,744-816-2763,fort
Karen_206,Karen_206@gmail.com,end-user,585-331-6569x94603,view
Erik_207,Erik_207@gmail.com,end-user,001-762-982-0930x4038,berg
Katie_208,Katie_208@gmail.com,end-user,001-278-327-6551,land
Sierra_209,Sierra_209@gmail.com,end-user,906.933.3854,furt
Bruce_210,Bruce_210@gmail.com,end-user,(504)351-1930x3567,town
Diana_211,Diana_211@gmail.com,end-user,(962)768-5220,stad
Amy_212,Amy_212@gmail.com,end-user,987-591-6362,haven
James_213,James_213@gmail.com,end-user,376-286-8570x102,borough
Jennifer_214,Jennifer_214@gmail.com,end-user,691.591.0361,view
Tammy_215,Tammy_215@gmail.com,end-user,751-661-0347,view
Andrew_216,Andrew_216@gmail.com,end-user,3753284429,shire
Anita_217,Anita_217@gmail.com,end-user,(813)424-2379,burgh
Robert_218,Robert_218@gmail.com,end-user,001-294-965-4296x48135,burgh
Karen_219,Karen_219@gmail.com,end-user,630-205-6304,land
Dustin_220,Dustin_220@gmail.com,end-user,001-217-713-5807x182,side
Emily_221,Emily_221@gmail.com,end-user,(570)592-8870x731,port
David_222,David_222@gmail.com,end-user,995-260-5438x436,bury
Janet_223,Janet_223@gmail.com,end-user,001-928-218-5208,mouth
Jessica_224,Jessica_224@gmail.com,end-user,+1-669-985-7177x0061,ville
Holly_225,Holly_225@gmail.com,end-user,(602)876-1069x246,burgh
Tara_226,Tara_226@gmail.com,end-user,215.628.3697x7562,mouth
Michael_227,Michael_227@gmail.com,end-user,+1-963-943-8904x5175,land
Juan_228,Juan_228@gmail.com,end-user,433.577.1679,port
David_229,David_229@gmail.com,end-user,(994)887-7907x605,side
Natalie_230,Natalie_230@gmail.com,end-user,574-537-6094,bury
Hannah_231,Hannah_231@gmail.com,end-user,271-624-0677x312,haven
Haley_232,Haley_232@gmail.com,end-user,001-708-470-1045x82300,side
Robert_233,Robert_233@gmail.com,end-user,001-306-538-7916x608,mouth
Sergio_234,Sergio_234@gmail.com,end-user,+1-555-481-3105x8250,mouth
Jennifer_235,Jennifer_235@gmail.com,end-user,969.718.6636x40760,stad
Molly_236,Molly_236@gmail.com,end-user,(326)747-2546x436,ton
Manuel_237,Manuel_237@gmail.com,end-user,(930)586-2698x8597,ton
Kimberly_238,Kimberly_238@gmail.com,end-user,828-917-8569,shire
Thomas_239,Thomas_239@gmail.com,end-user,757-933-2937,view
Blake_240,Blake_240@gmail.com,end-user,(824)761-9948,mouth
Joshua_241,Joshua_241@gmail.com,end-user,001-477-283-5957x451,chester
Scott_242,Scott_242@gmail.com,end-user,506-471-6354x467,burgh
Jeremy_243,Jeremy_243@gmail.com,end-user,001-248-458-5292x213,stad
Brian_244,Brian_244@gmail.com,end-user,816-529-8816x958,shire
Micheal_245,Micheal_245@gmail.com,end-user,(908)602-2458,burgh
David_246,David_246@gmail.com,end-user,425.719.1239x252,mouth
Jason_247,Jason_247@gmail.com,end-user,748.595.6360,bury
Linda_248,Linda_248@gmail.com,end-user,635-746-7152,land
Jasmine_249,Jasmine_249@gmail.com,end-user,(373)474-3681,burgh
David_250,David_250@gmail.com,end-user,8364627408,haven
Andrew_251,Andrew_251@gmail.com,end-user,469-667-7542,berg
Kevin_252,Kevin_252@gmail.com,end-user,5873883502,ville
Patricia_253,Patricia_253@gmail.com,end-user,637-303-5010x21181,side
James_254,James_254@gmail.com,end-user,001-750-737-3404,furt
Ashley_255,Ashley_255@gmail.com,end-user,001-645-628-7584,port
James_256,James_256@gmail.com,end-user,801.262.9017x160,mouth
Katherine_257,Katherine_257@gmail.com,end-user,338-971-9836x10791,view
Randy_258,Randy_258@gmail.com,end-user,001-263-602-5537x90430,mouth
Christopher_259,Christopher_259@gmail.com,end-user,226.902.4776x8903,fort
Christopher_260,Christopher_260@gmail.com,end-user,+1-297-407-8594x805,mouth
Christopher_261,Christopher_261@gmail.com,end-user,552.613.0289x56088,chester
Angela_262,Angela_262@gmail.com,end-user,001-958-495-4113,furt
Yolanda_263,Yolanda_263@gmail.com,end-user,451-719-6050,view
Theresa_264,Theresa_264@gmail.com,end-user,470-620-3533x807,land
Mark_265,Mark_265@gmail.com,end-user,889.528.7681,land
Michael_266,Michael_266@gmail.com,end-user,(593)439-5981x9833,borough
Cassandra_267,Cassandra_267@gmail.com,end-user,473-604-9327x9738,ville
Allen_268,Allen_268@gmail.com,end-user,344-811-7927,berg
Sheila_269,Sheila_269@gmail.com,end-user,001-725-648-1868x768,chester
Paula_270,Paula_270@gmail.com,end-user,(716)257-6426x57418,berg
Michelle_271,Michelle_271@gmail.com,end-user,(824)559-7023,chester
Ashley_272,Ashley_272@gmail.com,end-user,(355)961-7402x670,view
Jennifer_273,Jennifer_273@gmail.com,end-user,395-236-7349x35109,ville
Jeremy_274,Jeremy_274@gmail.com,end-user,(788)942-6120,ton
Mary_275,Mary_275@gmail.com,end-user,683-307-5867x51658,berg
Diane_276,Diane_276@gmail.com,end-user,798.344.0732x48975,view
Eric_277,Eric_277@gmail.com,end-user,246.580.8520,side
Nicholas_278,Nicholas_278@gmail.com,end-user,(465)640-6857x5741,borough
Kerry_279,Kerry_279@gmail.com,end-user,001-784-258-5377,ville
Darlene_280,Darlene_280@gmail.com,end-user,683-280-4302x62388,view
Patricia_281,Patricia_281@gmail.com,end-user,-7842,town
Luis_282,Luis_282@gmail.com,end-user,713.221.0665x46433,ville
Jose_283,Jose_283@gmail.com,end-user,494-979-0446x8078,stad
Patricia_284,Patricia_284@gmail.com,end-user,(339)606-1108,town
Jeff_285,Jeff_285@gmail.com,end-user,001-884-817-5575x37342,berg
Brian_286,Brian_286@gmail.com,end-user,565.714.2313x392,stad
Renee_287,Renee_287@gmail.com,end-user,654.840.1589x5901,side
Brandy_288,Brandy_288@gmail.com,end-user,415-786-3922x734,bury
Michael_289,Michael_289@gmail.com,end-user,279.673.3598,haven
Helen_290,Helen_290@gmail.com,end-user,(657)387-8346x891,bury
Karen_291,Karen_291@gmail.com,end-user,001-735-293-0102x86292,mouth
Dale_292,Dale_292@gmail.com,end-user,865.902.9464,mouth
Sharon_293,Sharon_293@gmail.com,end-user,306-796-0572x929,berg
David_294,David_294@gmail.com,end-user,001-924-780-1823x8858,bury
Jasmine_295,Jasmine_295@gmail.com,end-user,(731)810-0443x52836,stad
Shannon_296,Shannon_296@gmail.com,end-user,3269094380,burgh
Leah_297,Leah_297@gmail.com,end-user,566-948-5039,furt
Courtney_298,Courtney_298@gmail.com,end-user,(627)820-5880,mouth
Gregory_299,Gregory_299@gmail.com,end-user,001-635-925-4849,mouth
Virginia_300,Virginia_300@gmail.com,end-user,807.393.5127x8960,ton
Alicia_301,Alicia_301@gmail.com,end-user,387-512-1832x3882,ville
Denise_302,Denise_302@gmail.com,end-user,(847)816-5613x04463,ton
Ashley_303,Ashley_303@gmail.com,end-user,(686)753-1881,furt
Carla_304,Carla_304@gmail.com,end-user,768.287.0202x53397,borough
Cindy_305,Cindy_305@gmail.com,end-user,354-587-4792x9806,furt
Samuel_306,Samuel_306@gmail.com,end-user,+1-651-708-1500x6995,borough
Alexandra_307,Alexandra_307@gmail.com,end-user,844-297-1798,side
Kevin_308,Kevin_308@gmail.com,end-user,-10509,side
Cassandra_309,Cassandra_309@gmail.com,end-user,(229)250-6873x994,town
Brian_310,Brian_310@gmail.com,end-user,(449)274-0053x66496,mouth
Laura_311,Laura_311@gmail.com,end-user,475.643.7488x13699,mouth
Robert_312,Robert_312@gmail.com,end-user,+1-394-360-3167x80562,shire
Nicole_313,Nicole_313@gmail.com,end-user,244-225-7390x596,fort
Ariana_314,Ariana_314@gmail.com,end-user,+1-719-802-5448x673,land
Gabriela_315,Gabriela_315@gmail.com,end-user,612.916.2549,shire
Daniel_316,Daniel_316@gmail.com,end-user,001-901-264-9083,view
Diana_317,Diana_317@gmail.com,end-user,(465)961-6321x54206,stad
Kari_318,Kari_318@gmail.com,end-user,7506103001,mouth
Jon_319,Jon_319@gmail.com,end-user,972.404.2496x56834,borough
Joseph_320,Joseph_320@gmail.com,end-user,489-528-6789x27348,ville
Melinda_321,Melinda_321@gmail.com,end-user,+1-967-512-0712x5043,land
Mckenzie_322,Mckenzie_322@gmail.com,end-user,2454543623,haven
Megan_323,Megan_323@gmail.com,end-user,001-757-782-9190x999,bury
Jeremy_324,Jeremy_324@gmail.com,end-user,001-443-937-4934,burgh
Lucas_325,Lucas_325@gmail.com,end-user,+1-339-296-1965x6964,land
James_326,James_326@gmail.com,end-user,001-561-841-5109x596,ton
Melissa_327,Melissa_327@gmail.com,end-user,888-501-9243,fort
Brian_328,Brian_328@gmail.com,end-user,+1-936-439-2261x20552,port
Eugene_329,Eugene_329@gmail.com,end-user,791-662-8514x86567,furt
Brittany_330,Brittany_330@gmail.com,end-user,946.697.1511x110,stad
Emma_331,Emma_331@gmail.com,end-user,762.643.0773x263,port
Daniel_332,Daniel_332@gmail.com,end-user,836.445.5414x79981,berg
Kristin_333,Kristin_333@gmail.com,end-user,+1-327-783-8948x0515,mouth
Dylan_334,Dylan_334@gmail.com,end-user,+1-276-947-8993x7280,ville
Jake_335,Jake_335@gmail.com,end-user,285-436-4495,side
Kyle_336,Kyle_336@gmail.com,end-user,947.947.5845x962,stad
Emily_337,Emily_337@gmail.com,end-user,(629)674-4963x11127,mouth
Colleen_338,Colleen_338@gmail.com,end-user,001-593-792-3481x053,chester
Monica_339,Monica_339@gmail.com,end-user,+1-392-724-5579x6643,stad
Madison_340,Madison_340@gmail.com,end-user,675.998.5414,chester
Jeremy_341,Jeremy_341@gmail.com,end-user,327.649.6097x4280,land
Barbara_342,Barbara_342@gmail.com,end-user,001-862-405-7369,side
Lori_343,Lori_343@gmail.com,end-user,856-579-4624x4347,fort
Scott_344,Scott_344@gmail.com,end-user,(936)544-7890,mouth
Cody_345,Cody_345@gmail.com,end-user,633-221-5973x0315,mouth
Debra_346,Debra_346@gmail.com,end-user,727-524-5829x7425,land
Shannon_347,Shannon_347@gmail.com,end-user,689-214-9949x2440,mouth
Kayla_348,Kayla_348@gmail.com,end-user,+1-625-382-1559x982,chester
Thomas_349,Thomas_349@gmail.com,end-user,670-532-7579x68171,mouth
Paul_350,Paul_350@gmail.com,end-user,214-371-7906x1465,chester
Melissa_351,Melissa_351@gmail.com,end-user,6129862277,port
Michael_352,Michael_352@gmail.com,end-user,541.386.4881,ton
Jonathan_353,Jonathan_353@gmail.com,end-user,-4380,furt
Jeffrey_354,Jeffrey_354@gmail.com,end-user,991.369.2268x749,furt
Brittany_355,Brittany_355@gmail.com,end-user,739.376.6111x1388,borough
Mary_356,Mary_356@gmail.com,end-user,553-370-9103,ton
Heather_357,Heather_357@gmail.com,end-user,538-296-9992x974,port
Kevin_358,Kevin_358@gmail.com,end-user,310-213-3812,mouth
Gregory_359,Gregory_359@gmail.com,end-user,907-381-0514x673,haven
Kenneth_360,Kenneth_360@gmail.com,end-user,441-956-0601x368,furt
Kevin_361,Kevin_361@gmail.com,end-user,+1-988-790-1877x6398,fort
Ryan_362,Ryan_362@gmail.com,end-user,303.271.0321x591,berg
Lindsay_363,Lindsay_363@gmail.com,end-user,4565020246,haven
Debra_364,Debra_364@gmail.com,end-user,820.497.0423x2660,side
Richard_365,Richard_365@gmail.com,end-user,381.679.5415x28860,ton
Kevin_366,Kevin_366@gmail.com,end-user,001-246-385-9005x68685,ton
Brian_367,Brian_367@gmail.com,end-user,(472)797-6140,mouth
Lindsay_368,Lindsay_368@gmail.com,end-user,001-810-990-4769x577,fort
Thomas_369,Thomas_369@gmail.com,end-user,001-507-619-2012x84414,bury
Thomas_370,Thomas_370@gmail.com,end-user,001-584-709-5919,mouth
Carolyn_371,Carolyn_371@gmail.com,end-user,001-612-392-0342x723,land
Shane_372,Shane_372@gmail.com,end-user,(279)921-1216x6368,mouth
Vincent_373,Vincent_373@gmail.com,end-user,(367)210-6468,bury
Kristy_374,Kristy_374@gmail.com,end-user,988-579-9225,fort
Christian_375,Christian_375@gmail.com,end-user,+1-312-760-9910x9324,furt
Kyle_376,Kyle_376@gmail.com,end-user,+1-603-523-4286x11798,land
Pamela_377,Pamela_377@gmail.com,end-user,001-509-743-1666x4726,borough
Andrea_378,Andrea_378@gmail.com,end-user,(326)278-7526x58623,burgh
Richard_379,Richard_379@gmail.com,end-user,836.514.5350x98363,furt
Cynthia_380,Cynthia_380@gmail.com,end-user,793-551-3791,fort
Sean_381,Sean_381@gmail.com,end-user,6715255768,land
Michelle_382,Michelle_382@gmail.com,end-user,412.755.7107,fort
James_383,James_383@gmail.com,end-user,431-567-1825x134,berg
James_384,James_384@gmail.com,end-user,3246037473,ton
Paul_385,Paul_385@gmail.com,end-user,764.213.4077,fort
Kelsey_386,Kelsey_386@gmail.com,end-user,+1-442-430-7287x303,berg
Richard_387,Richard_387@gmail.com,end-user,517-461-4791,shire
Anna_388,Anna_388@gmail.com,end-user,580-391-0474,furt
Todd_389,Todd_389@gmail.com,end-user,001-378-464-8566,bury
Melissa_390,Melissa_390@gmail.com,end-user,689.515.2783,berg
Ricky_391,Ricky_391@gmail.com,end-user,+1-399-639-3151x4235,land
Jesse_392,Jesse_392@gmail.com,end-user,456-341-6007x194,burgh
Eric_393,Eric_393@gmail.com,end-user,(250)784-6919,ton
Sarah_394,Sarah_394@gmail.com,end-user,793.938.5742x3312,port
Stephen_395,Stephen_395@gmail.com,end-user,+1-394-997-5755x81128,mouth
David_396,David_396@gmail.com,end-user,385.207.6815,bury
Eric_397,Eric_397@gmail.com,end-user,590.718.0556x35483,ville
Stephen_398,Stephen_398@gmail.com,end-user,448.364.0036x44616,mouth
Phillip_399,Phillip_399@gmail.com,end-user,(657)492-5120x493,mouth
Roger_400,Roger_400@gmail.com,end-user,758-348-4972,ton
Denise_401,Denise_401@gmail.com,end-user,+1-987-914-7650x0104,stad
Mark_402,Mark_402@gmail.com,end-user,001-431-873-3020x5954,mouth
Laurie_403,Laurie_403@gmail.com,end-user,703-212-2875,burgh
Jorge_404,Jorge_404@gmail.com,end-user,001-620-571-0960x076,fort
Jessica_405,Jessica_405@gmail.com,end-user,001-507-661-8600,land
Logan_406,Logan_406@gmail.com,end-user,-3050,berg
Joshua_407,Joshua_407@gmail.com,end-user,001-920-401-6080x623,ton
Melissa_408,Melissa_408@gmail.com,end-user,(911)530-1246x8591,shire
Stephanie_409,Stephanie_409@gmail.com,end-user,001-410-965-4881,chester
Tracy_410,Tracy_410@gmail.com,end-user,232-864-8702x64891,mouth
Miranda_411,Miranda_411@gmail.com,end-user,(454)973-0542x6410,berg
Joseph_412,Joseph_412@gmail.com,end-user,829.613.4945,land
John_413,John_413@gmail.com,end-user,(833)372-6609,furt
Michael_414,Michael_414@gmail.com,end-user,+1-492-891-1127x812,view
Roger_415,Roger_415@gmail.com,end-user,232-884-8086x661,ville
James_416,James_416@gmail.com,end-user,884.869.5849,view
Jose_417,Jose_417@gmail.com,end-user,(866)994-7013x68966,port
Jessica_418,Jessica_418@gmail.com,end-user,650-451-9220,berg
Jorge_419,Jorge_419@gmail.com,end-user,001-565-506-2255x560,port
Walter_420,Walter_420@gmail.com,end-user,357-592-1440x102,fort
Raymond_421,Raymond_421@gmail.com,end-user,+1-476-645-8513x22066,side
Kyle_422,Kyle_422@gmail.com,end-user,679.458.2798,chester
Anita_423,Anita_423@gmail.com,end-user,887.868.4404x533,stad
Holly_424,Holly_424@gmail.com,end-user,336.875.6585,side
Russell_425,Russell_425@gmail.com,end-user,001-469-695-9808x8028,furt
Jenna_426,Jenna_426@gmail.com,end-user,(220)601-3434,haven
Lee_427,Lee_427@gmail.com,end-user,+1-750-923-2783x14806,mouth
David_428,David_428@gmail.com,end-user,370-348-8325x4577,town
Karen_429,Karen_429@gmail.com,end-user,3992950783,mouth
Sarah_430,Sarah_430@gmail.com,end-user,999.606.0760,ville
William_431,William_431@gmail.com,end-user,001-940-624-3089,shire
Latoya_432,Latoya_432@gmail.com,end-user,6482706524,port
Bryan_433,Bryan_433@gmail.com,end-user,364-721-2471x40954,haven
Abigail_434,Abigail_434@gmail.com,end-user,505-711-0974,chester
Pamela_435,Pamela_435@gmail.com,end-user,702.332.7137,fort
Gina_436,Gina_436@gmail.com,end-user,597.246.8415x034,town
Julie_437,Julie_437@gmail.com,end-user,(737)623-7909,haven
Craig_438,Craig_438@gmail.com,end-user,377-537-5581,ton
Nathaniel_439,Nathaniel_439@gmail.com,end-user,895-692-6483,ton
Michelle_440,Michelle_440@gmail.com,end-user,390-452-1780x824,mouth
Peter_441,Peter_441@gmail.com,end-user,(924)616-7521,haven
Dennis_442,Dennis_442@gmail.com,end-user,501.738.1158x9533,haven
Steven_443,Steven_443@gmail.com,end-user,(510)801-2298,port
Hannah_444,Hannah_444@gmail.com,end-user,001-893-589-2668,mouth
David_445,David_445@gmail.com,end-user,-7283,haven
Dennis_446,Dennis_446@gmail.com,end-user,001-778-340-8496x8417,borough
Faith_447,Faith_447@gmail.com,end-user,+1-358-761-9440x90461,land
Gregory_448,Gregory_448@gmail.com,end-user,217.326.4436x5605,ton
Bruce_449,Bruce_449@gmail.com,end-user,001-335-872-7827x3838,burgh
Carrie_450,Carrie_450@gmail.com,end-user,(702)443-3263x771,haven
Victoria_451,Victoria_451@gmail.com,end-user,901.834.0471x922,berg
Kim_452,Kim_452@gmail.com,end-user,(775)714-1536x315,town
Sandra_453,Sandra_453@gmail.com,end-user,(362)571-1812,mouth
Andrea_454,Andrea_454@gmail.com,end-user,835-870-6518x5452,land
Jason_455,Jason_455@gmail.com,end-user,001-879-383-7688x641,haven
Jacqueline_456,Jacqueline_456@gmail.com,end-user,846.962.2257x09038,mouth
Heather_457,Heather_457@gmail.com,end-user,(425)663-9413x891,haven
Lori_458,Lori_458@gmail.com,end-user,001-335-986-6193x56360,mouth
Jennifer_459,Jennifer_459@gmail.com,end-user,+1-617-399-7239x01666,borough
Benjamin_460,Benjamin_460@gmail.com,end-user,286.752.5301x328,shire
Derrick_461,Derrick_461@gmail.com,end-user,667.535.1293,view
Gary_462,Gary_462@gmail.com,end-user,8426057377,fort
Brian_463,Brian_463@gmail.com,end-user,001-607-380-8476x39373,haven
Kristopher_464,Kristopher_464@gmail.com,end-user,2253372217,stad
John_465,John_465@gmail.com,end-user,697.382.3008x031,view
Kathy_466,Kathy_466@gmail.com,end-user,001-938-540-5691x739,mouth
Ray_467,Ray_467@gmail.com,end-user,+1-934-688-8169x7560,chester
Bridget_468,Bridget_468@gmail.com,end-user,667.399.5226x25357,port
Derrick_469,Derrick_469@gmail.com,end-user,502-525-9579x811,shire
Kristen_470,Kristen_470@gmail.com,end-user,-7386,chester
Shane_471,Shane_471@gmail.com,end-user,-1312,ville
Jodi_472,Jodi_472@gmail.com,end-user,-5591,mouth
John_473,John_473@gmail.com,end-user,001-710-292-8660x40989,borough
Michael_474,Michael_474@gmail.com,end-user,663.217.1338x45243,mouth
Erin_475,Erin_475@gmail.com,end-user,+1-574-313-1360x70153,side
Roy_476,Roy_476@gmail.com,end-user,860-943-3857x680,chester
Kathryn_477,Kathryn_477@gmail.com,end-user,001-216-456-9185x588,side
William_478,William_478@gmail.com,end-user,001-638-525-9945x087,borough
Michael_479,Michael_479@gmail.com,end-user,+1-282-965-2887x33554,mouth
Wendy_480,Wendy_480@gmail.com,end-user,(255)961-8714x995,berg
Jared_481,Jared_481@gmail.com,end-user,447.472.5930,furt
Shari_482,Shari_482@gmail.com,end-user,774-371-5566,shire
Maria_483,Maria_483@gmail.com,end-user,408-329-1798x787,mouth
Elaine_484,Elaine_484@gmail.com,end-user,001-837-876-9174,mouth
Zachary_485,Zachary_485@gmail.com,end-user,001-494-668-6188x619,furt
Jennifer_486,Jennifer_486@gmail.com,end-user,(853)237-5426x3629,view
Cindy_487,Cindy_487@gmail.com,end-user,(738)234-7660x407,port
Christopher_488,Christopher_488@gmail.com,end-user,591.950.3382x2648,land
Andrew_489,Andrew_489@gmail.com,end-user,(279)733-0848x3059,town
Tamara_490,Tamara_490@gmail.com,end-user,(479)487-5925,borough
Jennifer_491,Jennifer_491@gmail.com,end-user,+1-370-646-7434x6310,mouth
Kim_492,Kim_492@gmail.com,end-user,(976)484-2404,mouth
Catherine_493,Catherine_493@gmail.com,end-user,3423137004,ton
Maria_494,Maria_494@gmail.com,end-user,286.714.0755x4830,port
Tammy_495,Tammy_495@gmail.com,end-user,903.698.0748x395,mouth
Larry_496,Larry_496@gmail.com,end-user,+1-655-878-2453x410,mouth
Candace_497,Candace_497@gmail.com,end-user,(988)360-7331x56768,ville
Laura_498,Laura_498@gmail.com,end-user,671.295.1806x19281,haven
Jessica_499,Jessica_499@gmail.com,end-user,+1-661-560-0546x378,haven
Brian_500,Brian_500@gmail.com,end-user,7968158228,view
Patricia_501,Patricia_501@gmail.com,end-user,+1-694-575-2994x581,side
Donna_502,Donna_502@gmail.com,end-user,479.538.3535,side
Michael_503,Michael_503@gmail.com,end-user,001-894-486-6979x147,mouth
Julie_504,Julie_504@gmail.com,end-user,407-603-0058x6092,berg
Jessica_505,Jessica_505@gmail.com,end-user,7188771005,land
Timothy_506,Timothy_506@gmail.com,end-user,542.534.0742x5540,chester
Michael_507,Michael_507@gmail.com,end-user,001-895-286-5670x92009,ton
Tony_508,Tony_508@gmail.com,end-user,+1-732-810-7250x470,bury
Julia_509,Julia_509@gmail.com,end-user,482.799.2635x063,side
Carol_510,Carol_510@gmail.com,end-user,516.950.6377x6518,furt
David_511,David_511@gmail.com,end-user,001-600-864-0357x18214,burgh
Ashley_512,Ashley_512@gmail.com,end-user,001-813-916-2524x1345,land
Gloria_513,Gloria_513@gmail.com,end-user,001-924-514-5061x63010,ton
Bradley_514,Bradley_514@gmail.com,end-user,526-215-1207x779,mouth
Timothy_515,Timothy_515@gmail.com,end-user,(803)819-8307x068,side
Diane_516,Diane_516@gmail.com,end-user,998.825.8732x16551,bury
Justin_517,Justin_517@gmail.com,end-user,+1-461-889-0181x05218,town
Keith_518,Keith_518@gmail.com,end-user,704.550.5830x3820,furt
Luis_519,Luis_519@gmail.com,end-user,(739)214-8441x2706,berg
Cheryl_520,Cheryl_520@gmail.com,end-user,001-544-976-5602,shire
Cynthia_521,Cynthia_521@gmail.com,end-user,(665)369-5621x781,furt
Jeremiah_522,Jeremiah_522@gmail.com,end-user,391-458-9594,ville
Sheila_523,Sheila_523@gmail.com,end-user,+1-467-872-6236x6454,port
Sharon_524,Sharon_524@gmail.com,end-user,641-461-8732,mouth
Corey_525,Corey_525@gmail.com,end-user,001-580-596-5630x7086,ville
Connor_526,Connor_526@gmail.com,end-user,394.814.7422x7647,bury
Kathryn_527,Kathryn_527@gmail.com,end-user,+1-389-762-8666x820,burgh
Kim_528,Kim_528@gmail.com,end-user,-7694,berg
Linda_529,Linda_529@gmail.com,end-user,(484)848-8282x2917,mouth
Tammie_530,Tammie_530@gmail.com,end-user,5014162218,port
Susan_531,Susan_531@gmail.com,end-user,(213)881-4822x3899,town
Kelsey_532,Kelsey_532@gmail.com,end-user,206-289-1271x91680,berg
William_533,William_533@gmail.com,end-user,001-913-856-8953x326,chester
Ryan_534,Ryan_534@gmail.com,end-user,(220)574-7593x0595,stad
Kevin_535,Kevin_535@gmail.com,end-user,965-344-8815x955,port
Michael_536,Michael_536@gmail.com,end-user,(717)407-3209x64290,ville
Charles_537,Charles_537@gmail.com,end-user,683.634.5625x31097,town
Jeremy_538,Jeremy_538@gmail.com,end-user,+1-209-569-0245x80997,side
Julie_539,Julie_539@gmail.com,end-user,001-958-760-4232x69660,fort
Bonnie_540,Bonnie_540@gmail.com,end-user,001-754-232-1898x95599,haven
Sarah_541,Sarah_541@gmail.com,end-user,(278)274-3287x853,mouth
Devin_542,Devin_542@gmail.com,end-user,001-584-614-5650x19880,mouth
Matthew_543,Matthew_543@gmail.com,end-user,930.643.7920x603,ton
Matthew_544,Matthew_544@gmail.com,end-user,001-689-750-3323x6622,burgh
Cindy_545,Cindy_545@gmail.com,end-user,237.399.3441x773,view
Amanda_546,Amanda_546@gmail.com,end-user,+1-926-839-9058x5175,shire
Leah_547,Leah_547@gmail.com,end-user,-5398,bury
James_548,James_548@gmail.com,end-user,+1-638-282-8400x53672,view
Dawn_549,Dawn_549@gmail.com,end-user,+1-319-303-9752x92054,furt
Kathleen_550,Kathleen_550@gmail.com,end-user,876-961-1323x49304,burgh
Christopher_551,Christopher_551@gmail.com,end-user,-3365,bury
Sara_552,Sara_552@gmail.com,end-user,9616670590,town
Danny_553,Danny_553@gmail.com,end-user,327.785.9483x24850,town
Ian_554,Ian_554@gmail.com,end-user,001-297-969-5595x810,side
Francisco_555,Francisco_555@gmail.com,end-user,748.993.0619,furt
Melissa_556,Melissa_556@gmail.com,end-user,731-572-4947,ton
Elizabeth_557,Elizabeth_557@gmail.com,end-user,787.302.8979,ton
Wanda_558,Wanda_558@gmail.com,end-user,426.687.1578,mouth
Patrick_559,Patrick_559@gmail.com,end-user,(557)698-4352x779,fort
Jacqueline_560,Jacqueline_560@gmail.com,end-user,-7297,stad
Andrew_561,Andrew_561@gmail.com,end-user,+1-752-695-5674x4701,furt
Patrick_562,Patrick_562@gmail.com,end-user,(951)292-4387x4083,side
Emily_563,Emily_563@gmail.com,end-user,568.643.9605,furt
Spencer_564,Spencer_564@gmail.com,end-user,637.502.7576,ton
Ryan_565,Ryan_565@gmail.com,end-user,+1-562-724-6758x059,port
Abigail_566,Abigail_566@gmail.com,end-user,372.944.9292x4399,land
Keith_567,Keith_567@gmail.com,end-user,001-806-334-5527,ville
Misty_568,Misty_568@gmail.com,end-user,293.256.5881x9472,town
Natalie_569,Natalie_569@gmail.com,end-user,292.593.7226,side
Joseph_570,Joseph_570@gmail.com,end-user,+1-510-972-9101x5694,haven
Kevin_571,Kevin_571@gmail.com,end-user,357.850.7560,land
Mary_572,Mary_572@gmail.com,end-user,8788208289,ton
Timothy_573,Timothy_573@gmail.com,end-user,615-702-5967x302,fort
Judy_574,Judy_574@gmail.com,end-user,960.221.4300x4227,burgh
Phyllis_575,Phyllis_575@gmail.com,end-user,460.989.9870,ville
Jeffrey_576,Jeffrey_576@gmail.com,end-user,7214082324,shire
Sabrina_577,Sabrina_577@gmail.com,end-user,967-315-2823,town
William_578,William_578@gmail.com,end-user,595-407-8739,bury
Joe_579,Joe_579@gmail.com,end-user,(230)677-3271x541,burgh
Carmen_580,Carmen_580@gmail.com,end-user,880-828-3466,mouth
Phillip_581,Phillip_581@gmail.com,end-user,537.996.3249x09079,shire
Jason_582,Jason_582@gmail.com,end-user,001-746-560-9830x7731,town
Kevin_583,Kevin_583@gmail.com,end-user,791-403-7130x60430,bury
Erin_584,Erin_584@gmail.com,end-user,(991)655-5084,ton
Michael_585,Michael_585@gmail.com,end-user,562.535.5152x794,haven
Patricia_586,Patricia_586@gmail.com,end-user,+1-874-467-4828x7012,land
Jennifer_587,Jennifer_587@gmail.com,end-user,001-901-859-5375x301,haven
Philip_588,Philip_588@gmail.com,end-user,(697)523-5062,mouth
Colton_589,Colton_589@gmail.com,end-user,(548)896-9857,shire
Anita_590,Anita_590@gmail.com,end-user,316.491.0042x47694,ton
Lindsay_591,Lindsay_591@gmail.com,end-user,(853)412-7475,stad
Lisa_592,Lisa_592@gmail.com,end-user,+1-429-826-1432x66107,side
Raymond_593,Raymond_593@gmail.com,end-user,217.387.1158x9866,borough
Kevin_594,Kevin_594@gmail.com,end-user,(485)671-6224,side
Joseph_595,Joseph_595@gmail.com,end-user,5844023851,bury
Joe_596,Joe_596@gmail.com,end-user,(303)379-8495x58904,town
Katherine_597,Katherine_597@gmail.com,end-user,001-671-767-4532x328,town
Selena_598,Selena_598@gmail.com,end-user,713.231.4786x53495,chester
James_599,James_599@gmail.com,end-user,(829)484-2541x655,burgh
Donna_600,Donna_600@gmail.com,end-user,918-559-2726x001,fort
Andrew_601,Andrew_601@gmail.com,end-user,001-755-217-2387x5245,land
Brian_602,Brian_602@gmail.com,end-user,+1-457-892-7979x23817,haven
Trevor_603,Trevor_603@gmail.com,end-user,(368)496-1634x237,ville
Catherine_604,Catherine_604@gmail.com,end-user,(381)599-9067,furt
John_605,John_605@gmail.com,end-user,(757)959-9543x624,side
Shane_606,Shane_606@gmail.com,end-user,(826)209-2119,stad
Erin_607,Erin_607@gmail.com,end-user,001-504-716-8418,land
Katherine_608,Katherine_608@gmail.com,end-user,505.314.8089x44149,fort
Brittany_609,Brittany_609@gmail.com,end-user,(416)796-0387,furt
Carly_610,Carly_610@gmail.com,end-user,344-884-9617x575,stad
Kristen_611,Kristen_611@gmail.com,end-user,860-721-6419x4233,chester
Amanda_612,Amanda_612@gmail.com,end-user,756-780-5703x06449,stad
Jonathan_613,Jonathan_613@gmail.com,end-user,207.316.9428x84673,borough
Phillip_614,Phillip_614@gmail.com,end-user,+1-579-819-6362x1539,fort
Mitchell_615,Mitchell_615@gmail.com,end-user,698-990-2177x42063,bury
Jennifer_616,Jennifer_616@gmail.com,end-user,219.620.7668,berg
Matthew_617,Matthew_617@gmail.com,end-user,-3751,mouth
Christina_618,Christina_618@gmail.com,end-user,440.754.6408x7277,fort
Robin_619,Robin_619@gmail.com,end-user,(248)937-6546x09832,land
Sharon_620,Sharon_620@gmail.com,end-user,(523)525-5046,view
Nathan_621,Nathan_621@gmail.com,end-user,+1-925-792-6751x94259,fort
Lauren_622,Lauren_622@gmail.com,end-user,215.608.7506,side
Kaitlyn_623,Kaitlyn_623@gmail.com,end-user,+1-647-730-4084x478,shire
Jennifer_624,Jennifer_624@gmail.com,end-user,001-713-976-6790,fort
Bruce_625,Bruce_625@gmail.com,end-user,001-484-299-1143x65467,side
David_626,David_626@gmail.com,end-user,(576)850-9727x596,view
Amanda_627,Amanda_627@gmail.com,end-user,547.585.6604x01903,stad
Jerome_628,Jerome_628@gmail.com,end-user,531.319.3915,view
Robert_629,Robert_629@gmail.com,end-user,828-432-1307x755,port
Peter_630,Peter_630@gmail.com,end-user,245.796.5519,side
Andrea_631,Andrea_631@gmail.com,end-user,992.525.8226x6066,land
Danielle_632,Danielle_632@gmail.com,end-user,322-268-0575x4996,ville
James_633,James_633@gmail.com,end-user,950-808-0548x72210,ton
Tina_634,Tina_634@gmail.com,end-user,001-535-349-1403x19036,ton
John_635,John_635@gmail.com,end-user,618-826-9991x0539,mouth
Denise_636,Denise_636@gmail.com,end-user,001-996-965-9454,ville
Lisa_637,Lisa_637@gmail.com,end-user,(382)751-2042x872,mouth
Susan_638,Susan_638@gmail.com,end-user,988-767-0454x6683,mouth
Holly_639,Holly_639@gmail.com,end-user,(506)864-0670x82691,mouth
Linda_640,Linda_640@gmail.com,end-user,449.916.2972,port
Kimberly_641,Kimberly_641@gmail.com,end-user,(749)671-8669,town
Brian_642,Brian_642@gmail.com,end-user,001-540-436-3381,port
Alyssa_643,Alyssa_643@gmail.com,end-user,+1-295-667-0535x43494,land
Karen_644,Karen_644@gmail.com,end-user,(416)225-6020x7887,borough
Loretta_645,Loretta_645@gmail.com,end-user,522-686-9756x885,mouth
Andrea_646,Andrea_646@gmail.com,end-user,952-451-2241,land
Stephanie_647,Stephanie_647@gmail.com,end-user,782-202-7272,mouth
Kimberly_648,Kimberly_648@gmail.com,end-user,(423)668-3221x6183,shire
Shelley_649,Shelley_649@gmail.com,end-user,4052041373,mouth
Kristen_650,Kristen_650@gmail.com,end-user,219-822-6254x137,shire
Brian_651,Brian_651@gmail.com,end-user,504.647.5809,view
Virginia_652,Virginia_652@gmail.com,end-user,300.227.3259x577,ton
Sara_653,Sara_653@gmail.com,end-user,567.231.9181x86483,haven
Karen_654,Karen_654@gmail.com,end-user,+1-699-450-2320x7405,port
Denise_655,Denise_655@gmail.com,end-user,724-548-8460x9126,burgh
Melissa_656,Melissa_656@gmail.com,end-user,261.796.2772x712,mouth
Brian_657,Brian_657@gmail.com,end-user,-6676,ville
Charles_658,Charles_658@gmail.com,end-user,+1-943-218-8724x3204,bury
Cindy_659,Cindy_659@gmail.com,end-user,702-875-9900,furt
Cynthia_660,Cynthia_660@gmail.com,end-user,6854228468,view
Jessica_661,Jessica_661@gmail.com,end-user,824-325-2376x44501,side
Anthony_662,Anthony_662@gmail.com,end-user,+1-792-987-3597x0763,mouth
Nicole_663,Nicole_663@gmail.com,end-user,218-927-4909x856,mouth
Gerald_664,Gerald_664@gmail.com,end-user,+1-716-202-6460x127,port
Brittany_665,Brittany_665@gmail.com,end-user,(506)869-5612x6553,town
Kevin_666,Kevin_666@gmail.com,end-user,(682)890-2987x5083,borough
Michael_667,Michael_667@gmail.com,end-user,263-652-0614x368,borough
Mary_668,Mary_668@gmail.com,end-user,(934)862-8388,side
Danielle_669,Danielle_669@gmail.com,end-user,001-769-504-0933x89068,haven
Courtney_670,Courtney_670@gmail.com,end-user,954-804-8700,borough
Michael_671,Michael_671@gmail.com,end-user,(482)298-0354,ville
Leslie_672,Leslie_672@gmail.com,end-user,(520)216-9762x775,mouth
Dawn_673,Dawn_673@gmail.com,end-user,001-264-956-7105x1835,port
Jessica_674,Jessica_674@gmail.com,end-user,308-513-1411x605,burgh
Charles_675,Charles_675@gmail.com,end-user,001-661-375-8949x3262,haven
Cynthia_676,Cynthia_676@gmail.com,end-user,583.472.5968,haven
William_677,William_677@gmail.com,end-user,477-510-7073x438,port
Donald_678,Donald_678@gmail.com,end-user,001-293-328-2838x76680,town
John_679,John_679@gmail.com,end-user,2508009143,fort
Lisa_680,Lisa_680@gmail.com,end-user,+1-824-792-8441x1066,side
Erin_681,Erin_681@gmail.com,end-user,001-541-815-6751x192,ton
Denise_682,Denise_682@gmail.com,end-user,-1673,town
Michael_683,Michael_683@gmail.com,end-user,885.830.0462x45270,ton
Christopher_684,Christopher_684@gmail.com,end-user,721-554-4083,mouth
Rhonda_685,Rhonda_685@gmail.com,end-user,215.693.8766,ton
Luis_686,Luis_686@gmail.com,end-user,244.635.9246x1793,town
Lindsey_687,Lindsey_687@gmail.com,end-user,-10750,ville
Lisa_688,Lisa_688@gmail.com,end-user,001-349-731-6279x9327,chester
Mark_689,Mark_689@gmail.com,end-user,603.976.9874x4943,bury
Christopher_690,Christopher_690@gmail.com,end-user,(695)920-5722x4852,ton
Lauren_691,Lauren_691@gmail.com,end-user,454.849.4070,side
Robert_692,Robert_692@gmail.com,end-user,379-953-3551x300,stad
Samantha_693,Samantha_693@gmail.com,end-user,001-213-597-6399,borough
Christopher_694,Christopher_694@gmail.com,end-user,6179637598,land
John_695,John_695@gmail.com,end-user,740.757.8154,side
Austin_696,Austin_696@gmail.com,end-user,304-336-4003,burgh
Francisco_697,Francisco_697@gmail.com,end-user,(887)965-5128,bury
Timothy_698,Timothy_698@gmail.com,end-user,(394)407-4338x05607,borough
Andrew_699,Andrew_699@gmail.com,end-user,576.324.4237,mouth
Kevin_700,Kevin_700@gmail.com,end-user,7765553390,furt
Jason_701,Jason_701@gmail.com,end-user,+1-391-268-7619x3952,land
Brian_702,Brian_702@gmail.com,end-user,+1-539-763-7050x79006,ville
Christopher_703,Christopher_703@gmail.com,end-user,-6542,town
Amber_704,Amber_704@gmail.com,end-user,9464720373,town
Jennifer_705,Jennifer_705@gmail.com,end-user,-9501,furt
Perry_706,Perry_706@gmail.com,end-user,001-532-220-1281,fort
Lisa_707,Lisa_707@gmail.com,end-user,+1-594-925-6930x047,bury
Raymond_708,Raymond_708@gmail.com,end-user,228-393-0691x4427,town
Chris_709,Chris_709@gmail.com,end-user,001-541-243-1410x13921,furt
Timothy_710,Timothy_710@gmail.com,end-user,001-537-225-8478x939,bury
Vanessa_711,Vanessa_711@gmail.com,end-user,001-290-323-8845x848,mouth
Yvonne_712,Yvonne_712@gmail.com,end-user,+1-638-208-2504x02424,berg
Abigail_713,Abigail_713@gmail.com,end-user,+1-727-504-8844x678,burgh
Luis_714,Luis_714@gmail.com,end-user,316.824.2753x90530,haven
Justin_715,Justin_715@gmail.com,end-user,269-310-9154x6568,mouth
Albert_716,Albert_716@gmail.com,end-user,-8483,borough
Jesse_717,Jesse_717@gmail.com,end-user,7214377987,stad
Bradley_718,Bradley_718@gmail.com,end-user,(485)853-7638,haven
Robert_719,Robert_719@gmail.com,end-user,(599)486-6824x3190,view
Adrian_720,Adrian_720@gmail.com,end-user,(938)684-5749x945,town
Stephanie_721,Stephanie_721@gmail.com,end-user,412.638.0179x62017,bury
Joseph_722,Joseph_722@gmail.com,end-user,+1-762-323-9832x69831,bury
Deborah_723,Deborah_723@gmail.com,end-user,(475)574-4800x6947,fort
Beth_724,Beth_724@gmail.com,end-user,001-416-330-7234x63596,burgh
Timothy_725,Timothy_725@gmail.com,end-user,9935902138,bury
Lori_726,Lori_726@gmail.com,end-user,645.602.4552x709,shire
April_727,April_727@gmail.com,end-user,(473)584-6636,ville
Tiffany_728,Tiffany_728@gmail.com,end-user,855-969-6178,burgh
Caitlin_729,Caitlin_729@gmail.com,end-user,213-874-1515x61998,burgh
Alex_730,Alex_730@gmail.com,end-user,211-684-7858x8091,burgh
Kelly_731,Kelly_731@gmail.com,end-user,228-474-9920x751,stad
Tasha_732,Tasha_732@gmail.com,end-user,+1-504-371-4348x75174,ville
David_733,David_733@gmail.com,end-user,567.396.3343x106,port
Victoria_734,Victoria_734@gmail.com,end-user,324-525-7970,ville
Tiffany_735,Tiffany_735@gmail.com,end-user,001-501-784-7554x563,borough
David_736,David_736@gmail.com,end-user,907-668-2509,stad
Pamela_737,Pamela_737@gmail.com,end-user,683.225.1248x40305,furt
Alexander_738,Alexander_738@gmail.com,end-user,713.487.2954x506,port
Craig_739,Craig_739@gmail.com,end-user,(356)626-0231,land
Sarah_740,Sarah_740@gmail.com,end-user,001-275-438-9435x40002,burgh
Benjamin_741,Benjamin_741@gmail.com,end-user,(259)509-2654x939,borough
Matthew_742,Matthew_742@gmail.com,end-user,+1-201-968-5698x45994,ton
Christopher_743,Christopher_743@gmail.com,end-user,932-620-8194,mouth
Barbara_744,Barbara_744@gmail.com,end-user,+1-588-863-0691x9932,view
Peter_745,Peter_745@gmail.com,end-user,2723919065,side
April_746,April_746@gmail.com,end-user,+1-975-366-6773x4745,fort
Lori_747,Lori_747@gmail.com,end-user,518-222-3050x45705,chester
Timothy_748,Timothy_748@gmail.com,end-user,001-952-804-6496,fort
Janice_749,Janice_749@gmail.com,end-user,(524)245-5208x6987,haven
Dakota_750,Dakota_750@gmail.com,end-user,(880)507-6123x53445,port
Sherry_751,Sherry_751@gmail.com,end-user,915.363.8389x879,furt
Karen_752,Karen_752@gmail.com,end-user,349-510-6982,borough
David_753,David_753@gmail.com,end-user,572.776.0519,burgh
Adam_754,Adam_754@gmail.com,end-user,001-992-354-6715x0130,side
Ariel_755,Ariel_755@gmail.com,end-user,250-508-9549,borough
Pamela_756,Pamela_756@gmail.com,end-user,5938093328,haven
Amanda_757,Amanda_757@gmail.com,end-user,896-647-1890,borough
Lisa_758,Lisa_758@gmail.com,end-user,431-683-0531,side
Jennifer_759,Jennifer_759@gmail.com,end-user,(303)861-9186x694,town
Kevin_760,Kevin_760@gmail.com,end-user,+1-334-339-8707x8538,fort
Derek_761,Derek_761@gmail.com,end-user,440.881.7721,land
Janice_762,Janice_762@gmail.com,end-user,001-375-833-7087,furt
Ashley_763,Ashley_763@gmail.com,end-user,+1-618-220-2323x48693,shire
Anna_764,Anna_764@gmail.com,end-user,+1-268-954-4744x524,furt
Vincent_765,Vincent_765@gmail.com,end-user,410-408-2189x9315,mouth
Christine_766,Christine_766@gmail.com,end-user,9663208281,berg
Patricia_767,Patricia_767@gmail.com,end-user,443.685.4056x363,stad
Michael_768,Michael_768@gmail.com,end-user,+1-561-909-8879x220,burgh
Hunter_769,Hunter_769@gmail.com,end-user,+1-416-285-5283x8930,land
James_770,James_770@gmail.com,end-user,243.898.7222x2896,ton
Kenneth_771,Kenneth_771@gmail.com,end-user,-6788,chester
Austin_772,Austin_772@gmail.com,end-user,(388)448-0587x9149,port
Amber_773,Amber_773@gmail.com,end-user,001-829-221-8009x384,mouth
Beth_774,Beth_774@gmail.com,end-user,+1-777-553-0178x877,bury
Michele_775,Michele_775@gmail.com,end-user,-4123,furt
Alicia_776,Alicia_776@gmail.com,end-user,579-820-3476x976,ton
Brittney_777,Brittney_777@gmail.com,end-user,(216)445-4368,town
Vanessa_778,Vanessa_778@gmail.com,end-user,+1-839-891-5732x370,furt
Jason_779,Jason_779@gmail.com,end-user,481.556.3927x74303,land
Diane_780,Diane_780@gmail.com,end-user,9146977919,fort
Thomas_781,Thomas_781@gmail.com,end-user,001-773-922-0123x91011,shire
William_782,William_782@gmail.com,end-user,001-785-473-6586x470,ville
Robert_783,Robert_783@gmail.com,end-user,001-424-864-9308x8795,view
Elizabeth_784,Elizabeth_784@gmail.com,end-user,001-995-279-8105x80809,mouth
Timothy_785,Timothy_785@gmail.com,end-user,668.515.0795x7049,borough
Brian_786,Brian_786@gmail.com,end-user,532.552.5137x6187,town
Donna_787,Donna_787@gmail.com,end-user,385.989.6343x50110,borough
Michael_788,Michael_788@gmail.com,end-user,+1-393-245-8564x2506,view
Sarah_789,Sarah_789@gmail.com,end-user,597.497.3461x5443,port
Javier_790,Javier_790@gmail.com,end-user,-5491,land
Monica_791,Monica_791@gmail.com,end-user,-9950,stad
Ashley_792,Ashley_792@gmail.com,end-user,(765)526-0085,borough
Jennifer_793,Jennifer_793@gmail.com,end-user,858.314.6233x4097,shire
Dominic_794,Dominic_794@gmail.com,end-user,759.445.1030x222,burgh
Amanda_795,Amanda_795@gmail.com,end-user,371.943.9039,mouth
Tammy_796,Tammy_796@gmail.com,end-user,+1-389-361-2124x6222,burgh
Nathan_797,Nathan_797@gmail.com,end-user,613.256.4348,land
Derrick_798,Derrick_798@gmail.com,end-user,885.801.8941x5755,ton
Laurie_799,Laurie_799@gmail.com,end-user,+1-619-741-6159x34148,bury
Joann_800,Joann_800@gmail.com,end-user,(624)895-0690x814,burgh
James_801,James_801@gmail.com,end-user,5113979229,mouth
Jay_802,Jay_802@gmail.com,end-user,504-902-6349,haven
Stephen_803,Stephen_803@gmail.com,end-user,(833)774-3460x501,mouth
Timothy_804,Timothy_804@gmail.com,end-user,(909)563-1669x391,port
Alexis_805,Alexis_805@gmail.com,end-user,8977466903,furt
Wendy_806,Wendy_806@gmail.com,end-user,(820)565-3750x40044,land
Larry_807,Larry_807@gmail.com,end-user,(969)403-8412,ton
Michael_808,Michael_808@gmail.com,end-user,390.987.9528x5701,mouth
Jonathan_809,Jonathan_809@gmail.com,end-user,424.429.9761,burgh
Matthew_810,Matthew_810@gmail.com,end-user,5882237555,fort
Christopher_811,Christopher_811@gmail.com,end-user,(417)920-6670,furt
Kenneth_812,Kenneth_812@gmail.com,end-user,947.289.5581,town
Carmen_813,Carmen_813@gmail.com,end-user,519-424-0390x4362,stad
Nicole_814,Nicole_814@gmail.com,end-user,545-616-9835x64730,shire
Sabrina_815,Sabrina_815@gmail.com,end-user,(351)498-5004,port
Andrew_816,Andrew_816@gmail.com,end-user,(918)665-9296x3713,berg
Mark_817,Mark_817@gmail.com,end-user,672-201-3569x77813,burgh
Heidi_818,Heidi_818@gmail.com,end-user,+1-220-960-4402x80260,chester
Tina_819,Tina_819@gmail.com,end-user,001-702-645-2418x5586,berg
Brenda_820,Brenda_820@gmail.com,end-user,469.898.3471x10071,bury
Ashley_821,Ashley_821@gmail.com,end-user,(585)629-0720,mouth
David_822,David_822@gmail.com,end-user,(829)571-9623x0106,burgh
Keith_823,Keith_823@gmail.com,end-user,485.645.5881x64486,haven
Maria_824,Maria_824@gmail.com,end-user,2576636778,haven
Mark_825,Mark_825@gmail.com,end-user,764-619-1075x1951,ton
Kevin_826,Kevin_826@gmail.com,end-user,+1-561-471-7711x518,chester
Kimberly_827,Kimberly_827@gmail.com,end-user,452.827.5696,view
Heidi_828,Heidi_828@gmail.com,end-user,(244)225-1442,burgh
Ashley_829,Ashley_829@gmail.com,end-user,001-965-387-5756x244,stad
Christopher_830,Christopher_830@gmail.com,end-user,(978)926-0569x97724,fort
Kaylee_831,Kaylee_831@gmail.com,end-user,(463)373-9848x2632,haven
Carol_832,Carol_832@gmail.com,end-user,(531)628-5999x3703,furt
Justin_833,Justin_833@gmail.com,end-user,001-471-258-1454x3772,stad
Gerald_834,Gerald_834@gmail.com,end-user,001-677-517-4262x0330,land
Joseph_835,Joseph_835@gmail.com,end-user,2946414628,chester
Jeffrey_836,Jeffrey_836@gmail.com,end-user,2743531454,side
Tracy_837,Tracy_837@gmail.com,end-user,467.483.1500x71237,ville
Lori_838,Lori_838@gmail.com,end-user,647.863.9615x152,fort
Jeremy_839,Jeremy_839@gmail.com,end-user,001-949-899-8233x721,shire
Michelle_840,Michelle_840@gmail.com,end-user,425.595.6972x440,ton
Jennifer_841,Jennifer_841@gmail.com,end-user,-8218,berg
Nathaniel_842,Nathaniel_842@gmail.com,end-user,430.238.0817,borough
Gregg_843,Gregg_843@gmail.com,end-user,5989825687,ton
Ruth_844,Ruth_844@gmail.com,end-user,872.691.8263x32994,borough
Marisa_845,Marisa_845@gmail.com,end-user,(733)667-2267,port
Chelsea_846,Chelsea_846@gmail.com,end-user,8585378813,land
Christopher_847,Christopher_847@gmail.com,end-user,(392)732-7634,bury
Sheila_848,Sheila_848@gmail.com,end-user,(657)460-9822x741,shire
Ray_849,Ray_849@gmail.com,end-user,+1-614-583-3909x36080,fort
Chad_850,Chad_850@gmail.com,end-user,+1-440-940-1883x46496,furt
Michael_851,Michael_851@gmail.com,end-user,+1-507-800-4519x0602,berg
Jeremiah_852,Jeremiah_852@gmail.com,end-user,701.248.5536x0435,land
Nathaniel_853,Nathaniel_853@gmail.com,end-user,(311)687-1106,ville
Timothy_854,Timothy_854@gmail.com,end-user,(391)668-5402x196,town
Laura_855,Laura_855@gmail.com,end-user,(603)227-2647x9326,ville
Angelica_856,Angelica_856@gmail.com,end-user,001-357-740-9138x9203,mouth
Jason_857,Jason_857@gmail.com,end-user,-2288,burgh
Mark_858,Mark_858@gmail.com,end-user,873-377-0441x8430,chester
Carolyn_859,Carolyn_859@gmail.com,end-user,793-687-1393x0952,borough
Jessica_860,Jessica_860@gmail.com,end-user,+1-922-330-3237x8723,port
Beverly_861,Beverly_861@gmail.com,end-user,+1-642-461-8616x5383,chester
Eric_862,Eric_862@gmail.com,end-user,+1-219-554-5078x018,town
Daniel_863,Daniel_863@gmail.com,end-user,(436)946-6405x7383,shire
Tiffany_864,Tiffany_864@gmail.com,end-user,855.524.1978x8893,shire
Michele_865,Michele_865@gmail.com,end-user,577.290.0690x41355,land
John_866,John_866@gmail.com,end-user,543.732.7938x6481,side
Ashley_867,Ashley_867@gmail.com,end-user,640.333.1980x01202,haven
Kelly_868,Kelly_868@gmail.com,end-user,(817)362-4873x38728,shire
Joseph_869,Joseph_869@gmail.com,end-user,411.666.3202,ville
John_870,John_870@gmail.com,end-user,495.263.9718,town
Christine_871,Christine_871@gmail.com,end-user,(748)753-0847x2224,stad
Katherine_872,Katherine_872@gmail.com,end-user,686-792-4872x50872,furt
Sandra_873,Sandra_873@gmail.com,end-user,607-652-2937,town
Jesse_874,Jesse_874@gmail.com,end-user,(887)553-6431x876,land
Vincent_875,Vincent_875@gmail.com,end-user,4275660902,stad
Christopher_876,Christopher_876@gmail.com,end-user,8357453719,view
Oscar_877,Oscar_877@gmail.com,end-user,700.215.3239x089,ton
Amanda_878,Amanda_878@gmail.com,end-user,868-769-5926x88271,town
Barbara_879,Barbara_879@gmail.com,end-user,001-791-733-6689x8284,berg
Randy_880,Randy_880@gmail.com,end-user,8063504844,shire
Brenda_881,Brenda_881@gmail.com,end-user,001-200-362-2209x0736,mouth
Susan_882,Susan_882@gmail.com,end-user,759-428-7601x68155,borough
Alexandria_883,Alexandria_883@gmail.com,end-user,737-843-9085x77218,side
Paul_884,Paul_884@gmail.com,end-user,543.587.5446,view
Kenneth_885,Kenneth_885@gmail.com,end-user,342.837.9288,view
Juan_886,Juan_886@gmail.com,end-user,389-833-3061,side
Arthur_887,Arthur_887@gmail.com,end-user,995-876-9817,borough
Jim_888,Jim_888@gmail.com,end-user,874-623-0212,mouth
Madeline_889,Madeline_889@gmail.com,end-user,+1-271-929-0931x74009,mouth
Curtis_890,Curtis_890@gmail.com,end-user,874.332.7744x22083,ton
James_891,James_891@gmail.com,end-user,+1-639-645-6302x60819,mouth
James_892,James_892@gmail.com,end-user,(646)253-0194x17293,chester
Chelsea_893,Chelsea_893@gmail.com,end-user,+1-673-556-1343x389,haven
Aaron_894,Aaron_894@gmail.com,end-user,678.366.4159x15280,borough
Brittany_895,Brittany_895@gmail.com,end-user,001-549-238-2057x57353,fort
Miranda_896,Miranda_896@gmail.com,end-user,001-896-935-2281x242,bury
Megan_897,Megan_897@gmail.com,end-user,3612893113,ville
Maria_898,Maria_898@gmail.com,end-user,536.375.0779,haven
Renee_899,Renee_899@gmail.com,end-user,(704)772-9155x9457,stad
Melanie_900,Melanie_900@gmail.com,end-user,340-743-6326,mouth
Michael_901,Michael_901@gmail.com,end-user,286.312.8508x789,haven
Shannon_902,Shannon_902@gmail.com,end-user,-4595,side
Dakota_903,Dakota_903@gmail.com,end-user,249.946.4950x317,furt
Rachel_904,Rachel_904@gmail.com,end-user,(832)988-4686,haven
Michelle_905,Michelle_905@gmail.com,end-user,(836)783-3889x0223,burgh
Timothy_906,Timothy_906@gmail.com,end-user,(420)930-3572x7523,burgh
Lauren_907,Lauren_907@gmail.com,end-user,899.358.3706,borough
Kaitlyn_908,Kaitlyn_908@gmail.com,end-user,254.200.2636x02765,land
Brian_909,Brian_909@gmail.com,end-user,816-847-7391x76880,burgh
Stephen_910,Stephen_910@gmail.com,end-user,359-353-1017x03637,stad
Brianna_911,Brianna_911@gmail.com,end-user,+1-951-646-6951x1407,ville
Hannah_912,Hannah_912@gmail.com,end-user,210.572.1531,mouth
Duane_913,Duane_913@gmail.com,end-user,838-509-0111,view
Donald_914,Donald_914@gmail.com,end-user,211-949-1527,shire
Christopher_915,Christopher_915@gmail.com,end-user,(671)227-5526x87911,town
Julie_916,Julie_916@gmail.com,end-user,302.307.1479x33509,borough
Eric_917,Eric_917@gmail.com,end-user,(545)605-6888,mouth
Erica_918,Erica_918@gmail.com,end-user,962-617-7599,stad
Paula_919,Paula_919@gmail.com,end-user,487.393.4403x9444,land
Amber_920,Amber_920@gmail.com,end-user,882-616-7095,shire
Joseph_921,Joseph_921@gmail.com,end-user,939.504.9420,ville
Daniel_922,Daniel_922@gmail.com,end-user,741.888.3311,port
Kevin_923,Kevin_923@gmail.com,end-user,(365)834-0083,mouth
Sandra_924,Sandra_924@gmail.com,end-user,+1-263-852-1538x206,view
Jennifer_925,Jennifer_925@gmail.com,end-user,(345)684-0576x272,furt
Melanie_926,Melanie_926@gmail.com,end-user,(891)204-4283x87782,town
Laura_927,Laura_927@gmail.com,end-user,644-306-6215,borough
Lawrence_928,Lawrence_928@gmail.com,end-user,490.928.5340,ville
Jenna_929,Jenna_929@gmail.com,end-user,+1-621-660-4270x319,view
Daniel_930,Daniel_930@gmail.com,end-user,310.707.6373x510,berg
Crystal_931,Crystal_931@gmail.com,end-user,527-485-6143x08041,furt
Frederick_932,Frederick_932@gmail.com,end-user,001-472-988-5980x28566,mouth
Richard_933,Richard_933@gmail.com,end-user,-7569,fort
Victoria_934,Victoria_934@gmail.com,end-user,4712952270,stad
Randy_935,Randy_935@gmail.com,end-user,+1-341-337-0168x0758,stad
Cody_936,Cody_936@gmail.com,end-user,001-981-303-0203x7989,land
Elizabeth_937,Elizabeth_937@gmail.com,end-user,292.338.2639x5320,haven
William_938,William_938@gmail.com,end-user,001-436-654-1355x7166,view
Gina_939,Gina_939@gmail.com,end-user,622.227.7678x4473,port
Cole_940,Cole_940@gmail.com,end-user,001-751-451-6022x554,view
Luis_941,Luis_941@gmail.com,end-user,839-940-4315x933,chester
Angie_942,Angie_942@gmail.com,end-user,987.468.6187x298,borough
Jennifer_943,Jennifer_943@gmail.com,end-user,+1-569-555-4487x589,land
Cheryl_944,Cheryl_944@gmail.com,end-user,5163347510,berg
Clinton_945,Clinton_945@gmail.com,end-user,(210)701-7217,haven
David_946,David_946@gmail.com,end-user,490.492.4405,bury
Sabrina_947,Sabrina_947@gmail.com,end-user,397-782-7063x6112,fort
Victoria_948,Victoria_948@gmail.com,end-user,001-649-937-8156,furt
Clinton_949,Clinton_949@gmail.com,end-user,001-241-983-9418x31178,borough
Michael_950,Michael_950@gmail.com,end-user,2047319704,burgh
Brandon_951,Brandon_951@gmail.com,end-user,7683749953,land
Michael_952,Michael_952@gmail.com,end-user,(719)486-8231,borough
Robert_953,Robert_953@gmail.com,end-user,(551)506-0080x4661,side
Charles_954,Charles_954@gmail.com,end-user,238.698.9215x815,ville
Jessica_955,Jessica_955@gmail.com,end-user,928.230.4800,berg
Nicholas_956,Nicholas_956@gmail.com,end-user,684.995.0036x97194,mouth
Olivia_957,Olivia_957@gmail.com,end-user,949-779-2013x86354,port
Adam_958,Adam_958@gmail.com,end-user,001-350-877-5369x0516,furt
Ashley_959,Ashley_959@gmail.com,end-user,250-469-0053x2482,bury
Nathan_960,Nathan_960@gmail.com,end-user,9022305734,view
Theresa_961,Theresa_961@gmail.com,end-user,(936)914-0172x568,borough
Candace_962,Candace_962@gmail.com,end-user,4158866884,ton
Valerie_963,Valerie_963@gmail.com,end-user,514-781-6155x0975,chester
Miguel_964,Miguel_964@gmail.com,end-user,485.405.6760x743,fort
Kim_965,Kim_965@gmail.com,end-user,(433)691-4762x12709,mouth
Jacob_966,Jacob_966@gmail.com,end-user,+1-909-207-5653x91014,chester
Ronald_967,Ronald_967@gmail.com,end-user,(445)942-4761x74348,haven
Colleen_968,Colleen_968@gmail.com,end-user,(480)499-2180,mouth
Alejandro_969,Alejandro_969@gmail.com,end-user,451-364-7932,stad
Ashley_970,Ashley_970@gmail.com,end-user,+1-290-314-8602x594,land
Lee_971,Lee_971@gmail.com,end-user,698.946.9349x1444,view
David_972,David_972@gmail.com,end-user,001-508-393-2838x6767,shire
Troy_973,Troy_973@gmail.com,end-user,2854468421,mouth
Julie_974,Julie_974@gmail.com,end-user,701.364.0526,port
Alison_975,Alison_975@gmail.com,end-user,(980)746-9613,stad
Vanessa_976,Vanessa_976@gmail.com,end-user,645-981-0141x8342,ton
Sandra_977,Sandra_977@gmail.com,end-user,593-365-1819,bury
Amanda_978,Amanda_978@gmail.com,end-user,775.834.0427,side
Dorothy_979,Dorothy_979@gmail.com,end-user,6119187470,burgh
Nathan_980,Nathan_980@gmail.com,end-user,+1-449-395-1685x868,land
Benjamin_981,Benjamin_981@gmail.com,end-user,(632)377-3242,side
Monica_982,Monica_982@gmail.com,end-user,857-492-4293,chester
Brittany_983,Brittany_983@gmail.com,end-user,001-811-840-2884,mouth
Nathan_984,Nathan_984@gmail.com,end-user,(707)221-2331,side
Alyssa_985,Alyssa_985@gmail.com,end-user,-1905,fort
Johnny_986,Johnny_986@gmail.com,end-user,(602)934-1889x107,land
Karen_987,Karen_987@gmail.com,end-user,762-779-8669,ton
Dustin_988,Dustin_988@gmail.com,end-user,-2168,burgh
Stephanie_989,Stephanie_989@gmail.com,end-user,+1-408-420-1547x712,berg
Gary_990,Gary_990@gmail.com,end-user,792.369.4457,chester
Joshua_991,Joshua_991@gmail.com,end-user,796.553.4917,bury
Philip_992,Philip_992@gmail.com,end-user,+1-937-982-1120x358,haven
Ryan_993,Ryan_993@gmail.com,end-user,001-900-704-8979,mouth
Christopher_994,Christopher_994@gmail.com,end-user,638.318.9715x87137,town
Charles_995,Charles_995@gmail.com,end-user,617.844.9096,view
Jasmine_996,Jasmine_996@gmail.com,end-user,8489184275,fort
Matthew_997,Matthew_997@gmail.com,end-user,001-469-578-0636x6511,view
Pamela_998,Pamela_998@gmail.com,end-user,775-570-7345x40959,haven
Tara_999,Tara_999@gmail.com,end-user,603.513.9727x95296,haven
Peter_1000,Peter_1000@gmail.com,end-user,843.315.6523x26147,shire